Workbook

Sheet 1. Product Variants Import
A1: name | B1: default_code | C1: is_favorite | D1: type | E1: service_policy | F1: uom_id/name | G1: uom_id/id | H1: list_price | I1: standard_price
A2: Waste bags / rubble sacks | B2: 04.3.30.020 | C2: FALSE | D2: Goods | F2: Units | G2: =IFERROR(VLOOKUP(F2,Units!A:B,2,FALSE),"") -> uom.product_uom_unit | H2: 3 | I2: 2
A3: Disposal / dumpster fee | B3: 04.3.30.030 | C3: FALSE | D3: Service | F3: Units | G3: =IFERROR(VLOOKUP(F3,Units!A:B,2,FALSE),"") -> uom.product_uom_unit | H3: 150 | I3: 120
A4: Protective plastic sheet / masking | B4: 04.3.30.040 | C4: FALSE | D4: Goods | F4: m² | G4: =IFERROR(VLOOKUP(F4,Units!A:B,2,FALSE),"") -> uom.product_uom_square_meter | H4: 1.5 | I4: 1
A5: Labor Hour | C5: FALSE | D5: Service | F5: Hours | G5: =IFERROR(VLOOKUP(F5,Units!A:B,2,FALSE),"") -> uom.product_uom_hour | H5: 50 | I5: 30
A6: Leveling mortar | B6: 04.3.30.050 | C6: FALSE | D6: Goods | F6: Ton | G6: =IFERROR(VLOOKUP(F6,Units!A:B,2,FALSE),"") -> uom.product_uom_ton | H6: 120 | I6: 90
A7: Primer / bonding agent | B7: 04.3.30.060 | C7: FALSE | D7: Goods | F7: L | G7: =IFERROR(VLOOKUP(F7,Units!A:B,2,FALSE),"") -> uom.product_uom_litre | H7: 9 | I7: 6
A8: Ceramic tiles – outdoor grade | B8: 04.3.30.070 | C8: FALSE | D8: Goods | F8: m² | G8: =IFERROR(VLOOKUP(F8,Units!A:B,2,FALSE),"") -> uom.product_uom_square_meter | H8: 40 | I8: 25
A9: Tile adhesive (flexible C2TE type) | B9: 04.3.30.080 | C9: FALSE | D9: Goods | F9: Kg | G9: =IFERROR(VLOOKUP(F9,Units!A:B,2,FALSE),"") -> uom.product_uom_kgm | H9: 1.5 | I9: 0.9
A10: Tile spacers bag | B10: 04.3.30.090 | C10: FALSE | D10: Goods | F10: Units | G10: =IFERROR(VLOOKUP(F10,Units!A:B,2,FALSE),"") -> uom.product_uom_unit | H10: 6 | I10: 4
A11: Grout (waterproof) | B11: 04.3.30.100 | C11: FALSE | D11: Goods | F11: Kg | G11: =IFERROR(VLOOKUP(F11,Units!A:B,2,FALSE),"") -> uom.product_uom_kgm | H11: 5 | I11: 3
A12: Edge finishing profiles | B12: 04.3.30.110 | C12: FALSE | D12: Goods | F12: m | G12: =IFERROR(VLOOKUP(F12,Units!A:B,2,FALSE),"") -> uom.product_uom_meter | H12: 18 | I12: 12
A13: Cleaning solution / sponge kit | B13: 04.3.30.120 | C13: FALSE | D13: Goods | F13: Units | G13: =IFERROR(VLOOKUP(F13,Units!A:B,2,FALSE),"") -> uom.product_uom_unit | H13: 45 | I13: 30
A14: Deck Surface Demolition | C14: TRUE | D14: Service | E14: Based on Delivered Quantity (Manual) | F14: m² | G14: =IFERROR(VLOOKUP(F14,Units!A:B,2,FALSE),"") -> uom.product_uom_square_meter | H14: 8.6 | I14: 13.3
A15: Deck Surface Preparation | C15: TRUE | D15: Service | E15: Based on Delivered Quantity (Manual) | F15: m² | G15: =IFERROR(VLOOKUP(F15,Units!A:B,2,FALSE),"") -> uom.product_uom_square_meter | H15: 12.6 | I15: 19.4
A16: Deck Surface Installation | C16: TRUE | D16: Service | E16: Based on Delivered Quantity (Manual) | F16: m² | G16: =IFERROR(VLOOKUP(F16,Units!A:B,2,FALSE),"") -> uom.product_uom_square_meter | H16: 63.35 | I16: 103.5

Sheet 2. Product Variants Export
A1: name | B1: id
A2: Deck Surface Demolition | B2: __export__.product_product_256_6d3cc0a0

Sheet 3. Work Items Import
A1: x_active | B1: x_name | C1: x_studio_product_product/name | D1: x_studio_product_product/id | E1: x_studio_unit_quantity | F1: x_studio_unit | G1: x_studio_is_template | H1: x_bill_of_materials_line_ids_d7b6f/product_product/name | I1: x_bill_of_materials_line_ids_d7b6f/x_studio_product_product/id | J1: x_bill_of_materials_line_ids_d7b6f/x_studio_quantity | K1: x_bill_of_materials_line_ids_d7b6f/x_studio_unit_cost | L1: x_bill_of_materials_line_ids_d7b6f/x_studio_unit_price
A2: TRUE | B2: Deck Surface Demolition | C2: Deck Surface Demolition | D2: =IFERROR(VLOOKUP(C2,'2. Product Variants Export'!A:B,2,FALSE),"") -> __export__.product_product_256_6d3cc0a0 | E2: 1 | F2: m² | G2: TRUE | H2: Waste bags / rubble sacks | I2: =IFERROR(VLOOKUP(H2,'2. Product Variants Export'!A:B,2,FALSE),"") | J2: 0.05 | K2: 2 | L2: 3
H3: Disposal / dumpster fee | I3: =IFERROR(VLOOKUP(H3,'2. Product Variants Export'!A:B,2,FALSE),"") | J3: 0.02 | K3: 120 | L3: 150
H4: Protective plastic sheet / masking | I4: =IFERROR(VLOOKUP(H4,'2. Product Variants Export'!A:B,2,FALSE),"") | J4: 0.1 | K4: 1 | L4: 1.5
H5: Labor Hour | I5: =IFERROR(VLOOKUP(H5,'2. Product Variants Export'!A:B,2,FALSE),"") | J5: 0.2 | K5: 30 | L5: 50
A6: TRUE | B6: Deck Surface Preparation | C6: Deck Surface Preparation | D6: =IFERROR(VLOOKUP(C6,'2. Product Variants Export'!A:B,2,FALSE),"") | E6: 1 | F6: m² | G6: TRUE | H6: Leveling mortar | I6: =IFERROR(VLOOKUP(H6,'2. Product Variants Export'!A:B,2,FALSE),"") | J6: 0.05 | K6: 90 | L6: 120
H7: Primer / bonding agent | I7: =IFERROR(VLOOKUP(H7,'2. Product Variants Export'!A:B,2,FALSE),"") | J7: 0.1 | K7: 6 | L7: 9
H8: Labor Hour | I8: =IFERROR(VLOOKUP(H8,'2. Product Variants Export'!A:B,2,FALSE),"") | J8: 0.25 | K8: 30 | L8: 50
A9: TRUE | B9: Deck Surface Installation | C9: Deck Surface Installation | D9: =IFERROR(VLOOKUP(C9,'2. Product Variants Export'!A:B,2,FALSE),"") | E9: 1 | F9: m² | G9: TRUE | H9: Ceramic tiles – outdoor grade | I9: =IFERROR(VLOOKUP(H9,'2. Product Variants Export'!A:B,2,FALSE),"") | J9: 1.05 | K9: 25 | L9: 40
H10: Tile adhesive (flexible C2TE type) | I10: =IFERROR(VLOOKUP(H10,'2. Product Variants Export'!A:B,2,FALSE),"") | J10: 4 | K10: 0.9 | L10: 1.5
H11: Tile spacers bag | I11: =IFERROR(VLOOKUP(H11,'2. Product Variants Export'!A:B,2,FALSE),"") | J11: 0.05 | K11: 4 | L11: 6
H12: Grout (waterproof) | I12: =IFERROR(VLOOKUP(H12,'2. Product Variants Export'!A:B,2,FALSE),"") | J12: 0.5 | K12: 3 | L12: 5
H13: Edge finishing profiles | I13: =IFERROR(VLOOKUP(H13,'2. Product Variants Export'!A:B,2,FALSE),"") | J13: 0.1 | K13: 12 | L13: 18
H14: Cleaning solution / sponge kit | I14: =IFERROR(VLOOKUP(H14,'2. Product Variants Export'!A:B,2,FALSE),"") | J14: 0.02 | K14: 30 | L14: 45
H15: Labor Hour | I15: =IFERROR(VLOOKUP(H15,'2. Product Variants Export'!A:B,2,FALSE),"") | J15: 1 | K15: 30 | L15: 50

Sheet Units
A1: name | B1: id
A2: Units | B2: uom.product_uom_unit
A3: Hours | B3: uom.product_uom_hour
A4: mm | B4: uom.product_uom_millimeter
A5: m² | B5: uom.product_uom_square_meter
A6: ml | B6: uom.product_uom_milliliter
A7: g | B7: uom.product_uom_gram
A8: Pack of 6 | B8: uom.product_uom_pack_6
A9: Days | B9: uom.product_uom_day
A10: Pallet of 48 | B10: construction.uom_uom_28
A11: Pallet of 96 | B11: construction.uom_uom_27
A12: m | B12: uom.product_uom_meter
... A16: Ton | B16: uom.product_uom_ton
